Invoice_ID,City,Date,Payment,cogs,Profit,Unit_price,Total
750-67-8428,Yangon,01/05/2019,Ewallet,522.83,401.28,74.69,548.9715
226-31-3081,Naypyitaw,03/08/2019,Cash,76.4,149.8,15.28,80.22
631-41-3108,Yangon,03/03/2019,Credit card,324.31,165.2,46.33,340.5255
123-19-1176,Yangon,1/27/2019,Ewallet,465.76,89.6,58.22,489.048
373-73-7910,Yangon,02/08/2019,Ewallet,604.17,918.45,86.31,634.3785
699-14-3026,Naypyitaw,3/25/2019,Ewallet,597.73,322.7,85.39,627.6165
355-53-5943,Yangon,2/25/2019,Ewallet,413.04,346.92,68.84,433.692
315-22-5665,Naypyitaw,2/24/2019,Ewallet,735.6,147.76,73.56,772.38
665-32-9167,Yangon,01/10/2019,Credit card,72.52,181.93,36.26,76.146
289-65-5721,Mandalay,3/13/2019,Cash,17.75,25.25,81.37,170.877
649-29-6775,Mandalay,02/08/2019,Cash,19.15,43.28,33.52,35.196
420-04-7590,Mandalay,3/18/2019,Ewallet,25.45,43.4,99.7,314.055
365-64-0515,Yangon,02/12/2019,Ewallet,234.75,315.21,46.95,246.4875
252-56-2699,Yangon,02/07/2019,Ewallet,431.9,63.85,43.19,453.495
829-34-3910,Yangon,3/29/2019,Cash,713.8,207.75,71.38,749.49
669-54-1719,Mandalay,02/10/2019,Credit card,27.07,43.56,18.93,119.259
656-95-9349,Yangon,03/11/2019,Credit card,482.51,318.82,68.93,506.6355
765-26-6951,Yangon,01/01/2019,Credit card,435.66,113.19,72.61,457.443
329-62-1586,Yangon,1/21/2019,Credit card,164.01,386.54,54.67,172.2105
841-18-8232,Mandalay,01/05/2019,Credit card,29.52,44.9,71.2,74.76
300-71-4605,Naypyitaw,2/25/2019,Ewallet,430.2,208.8,86.04,451.71
371-85-5789,Mandalay,03/05/2019,Ewallet,31.77,47.4,87.98,277.137
151-33-7434,Mandalay,02/04/2019,Credit card,32.32,49.74,67.77,71.1585
636-48-8204,Yangon,2/17/2019,Ewallet,172.8,77.52,34.56,181.44
549-59-1358,Yangon,03/02/2019,Ewallet,265.89,495,88.63,279.1845
227-03-5010,Yangon,3/22/2019,Credit card,420.72,202.2,52.59,441.756
301-81-8610,Mandalay,3/19/2019,Credit card,32.98,54.72,25.42,213.528
189-17-4241,Yangon,03/10/2019,Credit card,175.34,401.39,87.67,184.107
242-55-6721,Mandalay,03/07/2019,Ewallet,33.52,60.8,16.16,33.936
848-62-7243,Yangon,3/15/2019,Cash,224.01,69.23,24.89,235.2105
565-67-6697,Mandalay,03/02/2019,Cash,33.63,62.2,27,255.15
434-35-9162,Mandalay,02/04/2019,Ewallet,34.81,63.6,23.34,98.028
365-16-4334,Mandalay,2/24/2019,Ewallet,39.01,65.52,26.43,222.012
595-11-5460,Yangon,3/15/2019,Credit card,193.16,337.8,96.58,202.818
183-56-6882,Naypyitaw,02/06/2019,Ewallet,397.68,80.9,99.42,417.564
232-16-2483,Naypyitaw,01/07/2019,Ewallet,68.12,569.25,68.12,71.526
129-29-8530,Yangon,03/10/2019,Ewallet,313.1,56.04,62.62,328.755
272-65-1806,Yangon,1/15/2019,Ewallet,547.92,446.82,60.88,575.316
333-73-7901,Naypyitaw,3/23/2019,Ewallet,439.36,280.16,54.92,461.328
566-19-5475,Mandalay,01/07/2019,Cash,39.12,66.96,47.97,352.5795
400-45-1220,Mandalay,2/27/2019,Credit card,39.48,68.46,13.5,141.75
554-53-8700,Naypyitaw,02/02/2019,Cash,112.22,616.44,56.11,117.831
764-44-8999,Mandalay,2/18/2019,Ewallet,39.75,70.5,14.76,30.996
228-96-1411,Naypyitaw,03/04/2019,Cash,789.6,1039.95,98.7,829.08
617-15-4209,Naypyitaw,3/16/2019,Cash,30.74,731.72,15.37,32.277
636-98-3364,Mandalay,03/02/2019,Ewallet,43.74,70.5,26.26,82.719
760-54-1821,Mandalay,3/15/2019,Cash,44.46,71.17,13.59,128.4255
378-24-2715,Mandalay,1/20/2019,Ewallet,47.44,74.1,53.44,112.224
891-58-8335,Mandalay,03/11/2019,Cash,50.62,81.6,29.61,217.6335
574-22-5561,Naypyitaw,3/19/2019,Ewallet,826.3,415.47,82.63,867.615
326-78-5178,Naypyitaw,02/03/2019,Cash,639.8,153.34,91.4,671.79
162-48-8011,Yangon,02/10/2019,Cash,222.95,553.44,44.59,234.0975
109-86-4363,Mandalay,2/14/2019,Credit card,51.36,86.02,60.08,441.588
778-71-5554,Naypyitaw,1/25/2019,Credit card,15.43,181.83,15.43,16.2015
831-81-6575,Mandalay,2/23/2019,Cash,53.72,86.8,75.59,714.3255
399-46-5918,Naypyitaw,2/28/2019,Cash,687.84,611,85.98,722.232
106-35-6779,Yangon,3/27/2019,Cash,88.68,271.17,44.34,93.114
635-40-6220,Yangon,02/07/2019,Ewallet,716.8,194.88,89.6,752.64
817-48-8732,Yangon,1/20/2019,Cash,723.5,421.12,72.35,759.675
120-06-4233,Naypyitaw,03/12/2019,Cash,183.66,678.72,30.61,192.843
285-68-5083,Naypyitaw,2/15/2019,Credit card,74.22,271.32,24.74,77.931
803-83-5989,Naypyitaw,2/24/2019,Ewallet,334.38,289.46,55.73,351.099
214-30-2776,Mandalay,03/11/2019,Credit card,53.78,88.86,34.49,181.0725
199-75-8169,Yangon,03/06/2019,Credit card,158.1,661.58,15.81,166.005
280-35-5823,Mandalay,1/17/2019,Ewallet,54.24,92.4,86.72,91.056
877-22-3308,Yangon,3/13/2019,Cash,158.7,766.08,15.87,166.635
838-78-4295,Naypyitaw,02/10/2019,Ewallet,66.94,383.04,33.47,70.287
501-61-1753,Mandalay,01/03/2019,Ewallet,54.36,92.96,63.15,397.845
232-11-3025,Yangon,1/24/2019,Cash,787.7,77.64,78.77,827.085
382-03-4532,Yangon,02/02/2019,Cash,18.33,554.4,18.33,19.2465
393-65-2792,Naypyitaw,01/06/2019,Credit card,894.8,357.84,89.48,939.54
796-12-2025,Naypyitaw,02/11/2019,Cash,621.2,1011.88,62.12,652.26
503-21-4385,Mandalay,2/21/2019,Ewallet,54.45,95.1,39.91,125.7165
841-35-6630,Naypyitaw,03/09/2019,Cash,455.46,475,75.91,478.233
287-21-9091,Yangon,1/22/2019,Ewallet,672.03,117.9,74.67,705.6315
732-94-0499,Naypyitaw,1/13/2019,Credit card,416.5,193.57,41.65,437.325
263-10-3913,Naypyitaw,01/09/2019,Credit card,441.36,75,49.04,463.428
381-20-0914,Yangon,01/12/2019,Credit card,180.09,488.88,20.01,189.0945
829-49-1914,Naypyitaw,03/05/2019,Ewallet,783.1,64.71,78.31,822.255
756-01-7507,Naypyitaw,1/22/2019,Cash,101.9,621.81,20.38,106.995
870-72-4431,Naypyitaw,1/21/2019,Credit card,595.14,912.15,99.19,624.897
895-66-0685,Mandalay,03/05/2019,Ewallet,55.12,97.16,18.08,56.952
480-63-2856,Naypyitaw,1/23/2019,Ewallet,154,227.7,19.25,161.7
787-56-0757,Naypyitaw,2/23/2019,Credit card,321.44,682.66,80.36,337.512
360-39-5055,Naypyitaw,03/09/2019,Cash,244.55,344.52,48.91,256.7775
730-50-9884,Naypyitaw,03/05/2019,Ewallet,581.42,659.99,83.06,610.491
362-58-8315,Naypyitaw,3/25/2019,Cash,382.6,615.65,76.52,401.73
633-44-8566,Yangon,3/27/2019,Credit card,345.66,665.2,49.38,362.943
504-35-8843,Yangon,01/02/2019,Cash,42.47,189.99,42.47,44.5935
616-24-2851,Mandalay,3/22/2019,Ewallet,57.92,99.19,17.87,75.054
565-80-5980,Naypyitaw,1/23/2019,Cash,189.52,46.14,47.38,198.996
225-32-0908,Naypyitaw,1/26/2019,Ewallet,448.6,409.53,44.86,471.03
873-51-0671,Yangon,01/10/2019,Ewallet,153.86,383.04,21.98,161.553
299-46-1805,Mandalay,1/15/2019,Cash,60.3,100.8,93.72,590.436
512-91-0811,Naypyitaw,02/06/2019,Credit card,89.75,218.45,89.75,94.2375
594-34-4444,Yangon,03/08/2019,Ewallet,97.16,442.8,97.16,102.018
510-95-6347,Mandalay,03/05/2019,Ewallet,62.61,100.94,48.52,152.838
871-39-9221,Naypyitaw,02/09/2019,Cash,74.7,125.35,12.45,78.435
865-92-6136,Yangon,3/23/2019,Ewallet,158.25,391.17,52.75,166.1625
665-63-9737,Mandalay,2/27/2019,Ewallet,65.7,101.46,52.42,165.123
163-56-7055,Naypyitaw,3/26/2019,Cash,48.71,910.74,48.71,51.1455
189-98-2939,Naypyitaw,03/01/2019,Cash,706.95,671.88,78.55,742.2975
551-21-3069,Naypyitaw,02/01/2019,Cash,207.63,175.77,23.07,218.0115
212-62-1842,Yangon,3/28/2019,Cash,349.56,184.11,58.26,367.038
789-23-8625,Mandalay,1/24/2019,Cash,66.1,102.42,93.22,293.643
704-48-3927,Yangon,01/12/2019,Ewallet,886.7,78.75,88.67,931.035
628-34-3388,Naypyitaw,01/05/2019,Credit card,164.28,108,27.38,172.494
630-74-5166,Yangon,3/22/2019,Cash,372.78,176.88,62.13,391.419
588-01-7461,Naypyitaw,3/24/2019,Cash,305.82,155.68,33.98,321.111
861-77-0145,Naypyitaw,03/03/2019,Cash,819.7,271.17,81.97,860.685
296-11-7041,Mandalay,01/12/2019,Credit card,66.4,104.25,27.07,28.4235
210-67-5886,Naypyitaw,02/05/2019,Credit card,294.63,111,98.21,309.3615
692-27-8933,Mandalay,2/24/2019,Cash,66.66,106.11,57.95,365.085
645-44-1170,Yangon,1/19/2019,Ewallet,522.63,69.24,58.07,548.7615
237-01-6122,Naypyitaw,02/01/2019,Credit card,727.11,242,80.79,763.4655
225-98-1496,Naypyitaw,03/02/2019,Credit card,81.06,287.1,27.02,85.113
725-67-2480,Mandalay,3/24/2019,Credit card,67.77,106.89,58.75,370.125
197-77-7132,Mandalay,01/12/2019,Ewallet,69.4,108.48,91.56,769.104
642-32-2990,Yangon,02/02/2019,Ewallet,109.6,90.3,10.96,115.08
574-31-8277,Mandalay,3/20/2019,Cash,71.2,109.12,33.63,35.3115
638-60-7125,Yangon,2/14/2019,Credit card,796.48,174.02,99.56,836.304
659-36-1684,Naypyitaw,01/12/2019,Credit card,399.84,201.19,57.12,419.832
198-84-7132,Mandalay,01/02/2019,Cash,71.48,113.04,40.61,383.7645
336-78-2147,Naypyitaw,3/13/2019,Credit card,511.28,187.59,63.91,536.844
305-89-2768,Mandalay,01/09/2019,Ewallet,71.88,113.95,21.9,68.985
668-90-8900,Yangon,03/10/2019,Credit card,655.83,71.12,93.69,688.6215
870-54-3162,Yangon,1/27/2019,Cash,161.25,870.24,32.25,169.3125
189-08-9157,Naypyitaw,01/08/2019,Credit card,285.57,336.18,31.73,299.8485
663-86-9076,Naypyitaw,01/08/2019,Ewallet,548.32,597.78,68.54,575.736
596-42-3999,Mandalay,03/10/2019,Credit card,72.17,114.1,18.22,133.917
511-54-3087,Mandalay,2/25/2019,Credit card,72.32,114.6,88.45,92.8725
802-70-5316,Yangon,03/06/2019,Cash,552.78,105.6,92.13,580.419
201-86-2184,Mandalay,02/02/2019,Cash,73.96,116.96,26.26,193.011
156-20-0370,Mandalay,03/10/2019,Credit card,73.97,118.14,25.45,26.7225
483-71-1164,Naypyitaw,03/08/2019,Ewallet,487.8,664.44,81.3,512.19
597-78-7908,Naypyitaw,2/18/2019,Cash,270.66,514.8,90.22,284.193
700-81-1757,Yangon,1/18/2019,Credit card,131.55,674.28,26.31,138.1275
354-39-5160,Yangon,2/18/2019,Cash,206.52,329.46,34.42,216.846
361-59-0574,Mandalay,3/15/2019,Credit card,74.97,119.7,90.53,760.452
575-30-8091,Yangon,3/16/2019,Ewallet,580,424.32,72.5,609
731-81-9469,Naypyitaw,1/23/2019,Credit card,898,381.04,89.8,942.9
280-17-4359,Naypyitaw,1/25/2019,Cash,905,223.47,90.5,950.25
338-65-2210,Naypyitaw,02/05/2019,Cash,686,293.7,68.6,720.3
488-25-4221,Naypyitaw,2/22/2019,Credit card,30.41,252.45,30.41,31.9305
239-10-7476,Yangon,1/21/2019,Ewallet,467.7,624.78,77.95,491.085
458-41-1477,Naypyitaw,03/08/2019,Credit card,277.56,573.87,46.26,291.438
685-64-1609,Yangon,02/10/2019,Ewallet,301.4,187.68,30.14,316.47
568-90-5112,Naypyitaw,3/19/2019,Credit card,264.56,292.5,66.14,277.788
549-84-7482,Mandalay,02/08/2019,Ewallet,75.82,126.07,90.28,853.146
238-49-0436,Yangon,3/27/2019,Credit card,259.68,734.45,32.46,272.664
366-43-6862,Mandalay,3/25/2019,Ewallet,76.54,128.17,52.89,222.138
584-86-7256,Naypyitaw,03/11/2019,Credit card,241.92,335.28,34.56,254.016
746-94-0204,Yangon,1/29/2019,Credit card,749.16,76.68,83.24,786.618
214-17-6927,Naypyitaw,02/07/2019,Ewallet,98.88,234.27,16.48,103.824
400-89-4171,Naypyitaw,1/28/2019,Cash,647.76,626.08,80.97,680.148
782-95-9291,Yangon,2/20/2019,Credit card,461.45,809.56,92.29,484.5225
628-90-8624,Mandalay,3/14/2019,Cash,78.78,128.28,82.58,867.09
418-05-0656,Mandalay,02/02/2019,Cash,80.6,129.54,25.56,187.866
642-61-4706,Mandalay,3/30/2019,Cash,80.72,134.08,93.4,196.14
852-62-7105,Mandalay,01/12/2019,Credit card,81.24,134.64,83.25,874.125
894-41-5205,Naypyitaw,1/19/2019,Credit card,345.44,192.51,43.18,362.712
275-28-0149,Yangon,2/25/2019,Cash,63.69,280.06,63.69,66.8745
101-17-6199,Yangon,3/13/2019,Credit card,320.53,341.36,45.79,336.5565
423-80-0988,Naypyitaw,1/30/2019,Ewallet,152.8,121.28,76.4,160.44
544-55-9589,Mandalay,1/28/2019,Cash,82.14,135.36,21.43,225.015
640-48-5028,Mandalay,03/02/2019,Cash,82.5,136.62,88.39,835.2855
234-65-2137,Naypyitaw,1/16/2019,Cash,955.8,343.57,95.58,1003.59
687-47-8271,Yangon,02/08/2019,Credit card,989.8,491.4,98.98,1039.29
796-32-9050,Yangon,1/19/2019,Cash,307.68,176.25,51.28,323.064
105-31-1824,Yangon,02/01/2019,Credit card,486.64,60.75,69.52,510.972
249-42-3782,Yangon,01/03/2019,Ewallet,350.05,237.36,70.01,367.5525
388-76-2555,Mandalay,2/13/2019,Cash,86,136.7,13.69,86.247
733-33-4967,Naypyitaw,03/03/2019,Cash,166.8,150.29,20.85,175.14
732-04-5373,Mandalay,02/08/2019,Cash,86.72,138.21,46.47,195.174
746-04-1077,Mandalay,01/01/2019,Credit card,87.45,139.8,84.63,888.615
827-26-2100,Yangon,3/21/2019,Ewallet,304.56,848.39,33.84,319.788
175-54-2529,Yangon,03/03/2019,Credit card,177.36,546.75,22.17,186.228
139-52-2867,Naypyitaw,2/13/2019,Credit card,157.57,223.52,22.51,165.4485
407-63-8975,Yangon,3/23/2019,Ewallet,443.28,55.12,73.88,465.444
342-65-4817,Naypyitaw,1/28/2019,Ewallet,260.4,343.72,86.8,273.42
130-98-8941,Naypyitaw,02/09/2019,Cash,449.82,433.35,64.26,472.311
434-83-9547,Naypyitaw,1/23/2019,Cash,307.76,171.8,38.47,323.148
851-28-6367,Yangon,3/23/2019,Ewallet,155,783.72,15.5,162.75
824-88-3614,Naypyitaw,1/25/2019,Ewallet,274.48,236.98,34.31,288.204
586-25-0848,Yangon,03/04/2019,Credit card,86.38,195.5,12.34,90.699
695-51-0018,Mandalay,02/10/2019,Cash,88.15,140.8,34.84,146.328
767-97-4650,Mandalay,01/08/2019,Credit card,88.31,144,64.83,136.143
565-91-4567,Mandalay,3/15/2019,Ewallet,88.45,147.1,10.75,90.3
400-60-7251,Yangon,02/10/2019,Ewallet,74.07,564.2,74.07,77.7735
593-65-1552,Naypyitaw,1/28/2019,Credit card,279.24,472.89,69.81,293.202
563-47-4072,Mandalay,1/22/2019,Cash,88.85,147.14,55.81,351.603
670-71-7306,Mandalay,01/02/2019,Credit card,89.28,147.22,44.63,281.169
286-43-6208,Naypyitaw,3/16/2019,Cash,790.2,414.12,87.8,829.71
234-36-2483,Mandalay,2/15/2019,Cash,91.11,148.33,57.59,362.817
831-07-6050,Yangon,3/19/2019,Credit card,163.55,340.75,32.71,171.7275
556-86-3144,Naypyitaw,1/13/2019,Cash,74.29,191.14,74.29,78.0045
848-24-9445,Naypyitaw,3/26/2019,Cash,87.4,380.43,43.7,91.77
856-22-8149,Yangon,3/23/2019,Ewallet,25.29,338.18,25.29,26.5545
699-01-4164,Naypyitaw,03/12/2019,Credit card,166,527.28,41.5,174.3
420-11-4919,Naypyitaw,2/17/2019,Credit card,356.95,170.5,71.39,374.7975
606-80-4905,Naypyitaw,1/29/2019,Credit card,114.9,243.32,19.15,120.645
273-16-6619,Mandalay,3/15/2019,Credit card,91.35,148.47,33.2,69.72
426-39-2418,Naypyitaw,1/14/2019,Cash,429.87,404.1,61.41,451.3635
423-57-2993,Mandalay,3/27/2019,Ewallet,92.78,148.7,93.39,588.357
655-85-5130,Mandalay,3/13/2019,Cash,93.36,150.88,38.3,160.86
749-24-1565,Yangon,01/03/2019,Ewallet,207.27,139.86,23.03,217.6335
672-51-8681,Naypyitaw,01/04/2019,Credit card,599.85,646.36,66.65,629.8425
263-87-5680,Naypyitaw,3/18/2019,Ewallet,285.3,360.81,28.53,299.565
744-09-5786,Mandalay,01/02/2019,Cash,93.38,152.4,22.01,138.663
821-14-9046,Mandalay,1/18/2019,Credit card,94.6,152.52,17.48,110.124
888-02-0338,Yangon,1/25/2019,Ewallet,236.07,207.06,26.23,247.8735
677-11-0152,Naypyitaw,1/16/2019,Cash,839.34,423.54,93.26,881.307
875-31-8302,Mandalay,01/03/2019,Cash,94.8,152.76,93.38,98.049
573-58-9734,Mandalay,3/28/2019,Ewallet,96.11,153.58,30.37,95.6655
605-83-1050,Mandalay,3/15/2019,Ewallet,96.8,155.04,27.18,57.078
802-43-8934,Yangon,3/22/2019,Credit card,18.28,177.06,18.28,19.194
339-38-9982,Mandalay,1/13/2019,Ewallet,96.96,155.43,59.86,125.706
319-74-2561,Yangon,2/21/2019,Cash,283.92,97.45,94.64,298.116
291-32-1427,Mandalay,03/05/2019,Ewallet,98.13,157.59,21.94,115.185
319-50-3348,Mandalay,03/11/2019,Ewallet,98.2,159.16,40.3,84.63
783-09-1637,Mandalay,03/06/2019,Ewallet,98.22,160.44,67.43,354.0075
291-59-1384,Mandalay,2/28/2019,Cash,99.84,162.72,60.3,63.315
389-25-3394,Naypyitaw,2/17/2019,Cash,59.05,274.17,11.81,62.0025
279-62-1445,Naypyitaw,2/21/2019,Cash,12.54,910.8,12.54,13.167
213-72-6612,Yangon,3/20/2019,Cash,86.5,563.68,43.25,90.825
746-68-6593,Naypyitaw,01/11/2019,Credit card,174.32,173.88,87.16,183.036
356-44-8813,Mandalay,1/20/2019,Credit card,101.52,163.59,37.48,118.062
583-72-1480,Naypyitaw,1/31/2019,Ewallet,148.24,240.8,37.06,155.652
871-79-8483,Mandalay,2/25/2019,Credit card,102.04,166.05,94.13,494.1825
721-86-6247,Yangon,03/11/2019,Ewallet,507.36,149.04,63.42,532.728
349-97-8902,Mandalay,1/17/2019,Ewallet,102.2,168.2,57.89,121.569
498-41-1961,Mandalay,2/20/2019,Cash,104.88,168.3,66.68,350.07
554-53-3790,Mandalay,3/22/2019,Cash,106.88,168.84,37.02,233.226
470-31-3286,Mandalay,03/01/2019,Credit card,109.7,177,14.82,46.683
157-13-5295,Yangon,03/09/2019,Ewallet,519.4,552.15,51.94,545.37
645-78-8093,Yangon,1/20/2019,Ewallet,186.28,773.37,93.14,195.594
211-30-9270,Naypyitaw,1/28/2019,Credit card,87.05,247,17.41,91.4025
755-12-3214,Naypyitaw,03/05/2019,Credit card,221.1,216.3,44.22,232.155
793-10-3222,Mandalay,03/05/2019,Credit card,110.61,177.14,41.06,258.678
478-06-7835,Yangon,01/11/2019,Ewallet,89.69,124.6,89.69,94.1745
540-11-4336,Yangon,01/11/2019,Credit card,224.46,423.28,24.94,235.683
448-81-5016,Yangon,03/11/2019,Credit card,119.54,214.8,59.77,125.517
142-72-4741,Naypyitaw,2/28/2019,Credit card,186.4,78.45,93.2,195.72
217-58-1179,Yangon,01/05/2019,Cash,250.6,646.8,62.65,263.13
286-62-6248,Mandalay,1/16/2019,Credit card,111.34,178.88,39.21,164.682
530-90-9855,Yangon,01/01/2019,Cash,380.72,369.3,47.59,399.756
825-94-5922,Mandalay,03/02/2019,Ewallet,112.44,179.7,25.31,53.151
604-70-6476,Yangon,1/23/2019,Ewallet,89.7,59.18,17.94,94.185
799-71-1548,Yangon,01/07/2019,Credit card,310.88,482.36,77.72,326.424
725-32-9708,Mandalay,01/04/2019,Cash,113.58,182.02,68.71,288.582
200-40-6154,Mandalay,02/09/2019,Cash,114.44,182.97,65.91,415.233
662-47-5456,Naypyitaw,3/17/2019,Credit card,351.9,127.44,35.19,369.495
883-17-4236,Naypyitaw,03/02/2019,Credit card,28.78,636.84,14.39,30.219
290-68-2984,Yangon,3/16/2019,Cash,95,62.85,23.75,99.75
704-11-6354,Yangon,01/06/2019,Cash,471.2,170.91,58.9,494.76
347-34-2234,Mandalay,02/03/2019,Ewallet,115.78,184.2,55.07,520.4115
366-93-0948,Yangon,1/31/2019,Credit card,66.35,990.97,66.35,69.6675
729-09-9681,Yangon,02/05/2019,Ewallet,155.46,476.19,25.91,163.233
151-16-1484,Yangon,2/13/2019,Ewallet,129,290.4,32.25,135.45
380-94-4661,Naypyitaw,02/07/2019,Credit card,263.76,359.38,65.94,276.948
850-41-9669,Yangon,3/19/2019,Ewallet,675.54,63.9,75.06,709.317
821-07-3596,Naypyitaw,03/07/2019,Ewallet,65.8,216.75,16.45,69.09
262-47-2794,Mandalay,03/06/2019,Credit card,119.68,184.32,71.86,603.624
447-15-7839,Yangon,02/09/2019,Cash,222.4,275.4,22.24,233.52
394-43-4238,Mandalay,2/15/2019,Credit card,119.72,185.94,17.77,93.2925
253-12-6086,Yangon,03/12/2019,Credit card,688.8,256.74,98.4,723.24
808-65-0703,Naypyitaw,3/14/2019,Credit card,141.88,139.2,35.47,148.974
659-65-8956,Mandalay,1/16/2019,Ewallet,119.73,186.77,51.36,53.928
144-51-6085,Yangon,01/05/2019,Credit card,282.96,180.84,70.74,297.108
731-14-2199,Yangon,01/04/2019,Ewallet,355.4,612.56,35.54,373.17
305-18-3552,Mandalay,02/12/2019,Cash,121.92,188.28,60.38,633.99
687-15-1097,Naypyitaw,01/03/2019,Cash,42.24,282.88,21.12,44.352
126-54-1082,Yangon,01/07/2019,Credit card,193.86,781.76,21.54,203.553
633-91-1052,Yangon,1/27/2019,Cash,24.06,137.64,12.03,25.263
219-22-9386,Mandalay,03/09/2019,Credit card,122.31,188.32,99.96,944.622
181-82-6255,Mandalay,02/08/2019,Cash,123.85,189.72,16.37,103.131
526-86-8552,Naypyitaw,01/07/2019,Cash,218.2,284.2,21.82,229.11
376-56-3573,Naypyitaw,02/02/2019,Ewallet,381.68,137.92,95.42,400.764
537-72-0426,Naypyitaw,3/20/2019,Cash,709.9,286.47,70.99,745.395
828-61-5674,Yangon,3/20/2019,Credit card,440.2,520.3,44.02,462.21
136-08-6195,Yangon,2/15/2019,Credit card,559.68,454.72,69.96,587.664
523-38-0215,Naypyitaw,03/06/2019,Credit card,37,203.55,37,38.85
490-29-1201,Yangon,01/06/2019,Cash,15.34,433.01,15.34,16.107
667-92-0055,Yangon,03/04/2019,Ewallet,598.98,138.96,99.83,628.929
565-17-3836,Yangon,03/12/2019,Cash,190.68,599.43,47.67,200.214
532-59-7201,Mandalay,1/31/2019,Cash,127,189.84,79.93,503.559
593-95-4461,Naypyitaw,3/24/2019,Cash,74.86,738,74.86,78.603
226-71-3580,Naypyitaw,1/31/2019,Cash,213.75,429.44,23.75,224.4375
699-88-1972,Mandalay,1/28/2019,Credit card,127.54,195.75,99.16,832.944
430-60-3493,Yangon,02/03/2019,Cash,664.16,244.65,94.88,697.368
729-06-2010,Mandalay,01/06/2019,Cash,128.91,197.04,80.47,760.4415
558-80-4082,Naypyitaw,3/14/2019,Ewallet,194.95,418.32,27.85,204.6975
278-97-7759,Yangon,2/18/2019,Cash,62.48,237.32,62.48,65.604
316-68-6352,Yangon,1/21/2019,Cash,72.72,263.19,36.36,76.356
794-42-3736,Mandalay,1/26/2019,Credit card,129.66,197.12,33.33,69.993
211-05-0490,Naypyitaw,03/03/2019,Cash,259.6,184.8,51.92,272.58
727-75-6477,Naypyitaw,3/29/2019,Cash,115.36,527.8,28.84,121.128
744-02-5987,Yangon,01/10/2019,Ewallet,470.28,630.08,78.38,493.794
307-83-9164,Yangon,1/25/2019,Cash,240.04,994.84,60.01,252.042
779-06-0012,Naypyitaw,1/19/2019,Cash,88.61,304.81,88.61,93.0405
446-47-6729,Naypyitaw,01/02/2019,Credit card,199.64,96.6,99.82,209.622
853-23-2453,Mandalay,2/14/2019,Cash,130.48,200.31,75.74,318.108
735-06-4124,Naypyitaw,2/25/2019,Cash,48.61,683.76,48.61,51.0405
439-54-7422,Yangon,3/18/2019,Credit card,204.76,292.6,51.19,214.998
539-21-7227,Mandalay,1/26/2019,Cash,132.06,204.29,51.54,270.585
411-77-0180,Yangon,3/26/2019,Ewallet,505.4,404.95,72.2,530.67
286-01-5402,Yangon,3/30/2019,Cash,281.61,383.36,40.23,295.6905
803-17-8013,Yangon,2/17/2019,Cash,710.32,586.95,88.79,745.836
512-98-1403,Yangon,3/21/2019,Ewallet,79.44,200.6,26.48,83.412
848-42-2560,Yangon,03/05/2019,Cash,163.82,196.14,81.91,172.011
339-96-8318,Mandalay,03/01/2019,Ewallet,132.36,205.8,81.31,597.6285
181-94-6432,Naypyitaw,02/05/2019,Ewallet,138.66,797.61,69.33,145.593
870-76-1733,Yangon,02/01/2019,Credit card,71.15,641.19,14.23,74.7075
423-64-4619,Yangon,03/07/2019,Cash,139.95,406.64,15.55,146.9475
227-07-4446,Naypyitaw,02/10/2019,Cash,781.3,660.6,78.13,820.365
174-36-3675,Naypyitaw,2/14/2019,Cash,198.74,775.54,99.37,208.677
428-83-5800,Naypyitaw,02/09/2019,Cash,63.24,174.13,21.08,66.402
603-07-0961,Naypyitaw,01/10/2019,Cash,373.95,89.84,74.79,392.6475
704-20-4138,Naypyitaw,03/11/2019,Credit card,207.69,410.02,29.67,218.0745
787-15-1757,Naypyitaw,2/18/2019,Ewallet,176.28,328.64,44.07,185.094
649-11-3678,Naypyitaw,2/26/2019,Cash,206.37,602.14,22.93,216.6885
622-20-1945,Naypyitaw,1/18/2019,Cash,39.42,363.01,39.42,41.391
372-94-8041,Yangon,2/15/2019,Ewallet,91.56,141.12,15.26,96.138
563-91-7120,Yangon,03/08/2019,Cash,308.85,228.96,61.77,324.2925
746-54-5508,Yangon,1/17/2019,Credit card,129.12,914.32,21.52,135.576
767-54-1907,Mandalay,2/13/2019,Cash,135,206.7,29.56,155.19
815-11-1168,Yangon,03/09/2019,Cash,498.9,226.8,99.78,523.845
719-76-3868,Naypyitaw,03/12/2019,Cash,377.04,82.6,94.26,395.892
731-59-7531,Mandalay,3/30/2019,Cash,137.13,208.2,72.57,609.588
340-66-0321,Yangon,3/25/2019,Cash,145.44,245.44,36.36,152.712
776-68-1096,Mandalay,3/18/2019,Credit card,138.06,209.78,44.12,138.978
634-97-8956,Yangon,2/17/2019,Credit card,98.7,747.77,32.9,103.635
566-71-1091,Yangon,02/03/2019,Cash,385.1,164.25,77.02,404.355
442-48-3607,Yangon,3/14/2019,Credit card,46.96,608.7,23.48,49.308
835-16-0096,Naypyitaw,3/24/2019,Ewallet,73.5,442.08,14.7,77.175
527-09-6272,Yangon,3/21/2019,Credit card,142.25,210.14,28.45,149.3625
898-04-2717,Yangon,3/19/2019,Ewallet,687.6,415.72,76.4,721.98
222-42-0244,Mandalay,1/28/2019,Credit card,138.16,211.11,72.11,681.4395
633-09-3463,Naypyitaw,3/28/2019,Credit card,142.95,416.99,47.65,150.0975
715-20-1673,Mandalay,03/06/2019,Cash,138.48,211.2,28.38,148.995
873-95-4984,Mandalay,2/15/2019,Cash,139.02,215.08,76.9,565.215
188-55-0967,Mandalay,1/15/2019,Credit card,139.26,215.1,66.47,697.935
785-96-0615,Mandalay,2/17/2019,Ewallet,139.36,215.38,35.74,300.216
416-13-5917,Naypyitaw,1/30/2019,Ewallet,485.15,640.01,97.03,509.4075
150-89-8043,Yangon,2/14/2019,Cash,133.95,297.12,44.65,140.6475
135-84-8019,Yangon,2/27/2019,Ewallet,701.37,165.44,77.93,736.4385
441-94-7118,Yangon,02/04/2019,Cash,71.95,356.16,71.95,75.5475
725-96-3778,Naypyitaw,1/20/2019,Cash,714,629.12,89.25,749.7
531-80-1784,Yangon,3/28/2019,Cash,182.14,684.16,26.02,191.247
234-03-4040,Mandalay,03/03/2019,Credit card,141.9,216.3,73.05,767.025
860-79-0874,Naypyitaw,2/15/2019,Credit card,993,684.76,99.3,1042.65
834-61-8124,Yangon,1/26/2019,Cash,361.83,187.05,51.69,379.9215
707-32-7409,Mandalay,2/26/2019,Ewallet,144.08,218.68,95.54,401.268
133-77-3154,Mandalay,2/16/2019,Credit card,144.27,221.39,60.18,252.756
320-49-6392,Naypyitaw,03/04/2019,Cash,30.24,289.77,30.24,31.752
114-35-5271,Mandalay,02/07/2019,Cash,144.3,224.4,57.91,486.444
632-90-0281,Naypyitaw,03/08/2019,Credit card,375.5,74.7,37.55,394.275
554-42-2417,Naypyitaw,01/09/2019,Cash,954.4,328.72,95.44,1002.12
533-66-5566,Mandalay,01/12/2019,Cash,144.78,224.75,51.07,375.3645
650-98-6268,Mandalay,3/20/2019,Credit card,145.5,226.24,20.87,65.7405
612-36-5536,Yangon,2/17/2019,Credit card,647.68,56.2,80.96,680.064
605-72-4132,Naypyitaw,2/27/2019,Cash,755.76,655.68,94.47,793.548
471-41-2823,Naypyitaw,03/07/2019,Ewallet,199.58,125.4,99.79,209.559
462-67-9126,Yangon,1/21/2019,Cash,439.32,333.72,73.22,461.286
272-27-9238,Naypyitaw,2/19/2019,Cash,164.96,459.67,41.24,173.208
834-25-9262,Naypyitaw,01/06/2019,Cash,326.72,622.72,81.68,343.056
122-61-9553,Naypyitaw,3/14/2019,Cash,461.88,196.35,51.32,484.974
468-88-0009,Yangon,3/24/2019,Cash,263.76,658.53,65.94,276.948
613-59-9758,Naypyitaw,1/27/2019,Cash,143.6,555.45,14.36,150.78
254-31-0042,Yangon,03/06/2019,Credit card,193.5,362.25,21.5,203.175
176-64-7711,Mandalay,3/27/2019,Credit card,145.56,229.46,32.32,101.808
374-17-3652,Mandalay,02/05/2019,Credit card,147.04,234.39,42.82,404.649
730-70-9830,Naypyitaw,3/14/2019,Ewallet,420.66,216.45,70.11,441.693
382-25-8917,Naypyitaw,1/29/2019,Cash,252.48,78.54,42.08,265.104
422-29-8786,Yangon,01/03/2019,Credit card,335.45,72.4,67.09,352.2225
667-23-5919,Yangon,1/14/2019,Ewallet,483.5,295.23,96.7,507.675
845-51-0542,Mandalay,02/02/2019,Ewallet,147.8,235.84,46.55,439.8975
743-88-1662,Naypyitaw,2/22/2019,Ewallet,668.43,172.53,95.49,701.8515
595-86-2894,Naypyitaw,02/06/2019,Ewallet,387.92,179.48,96.98,407.316
827-44-5872,Mandalay,02/07/2019,Credit card,153.2,237.36,54.36,570.78
289-15-7034,Yangon,01/11/2019,Credit card,329.32,464.12,82.33,345.786
462-78-5240,Naypyitaw,3/19/2019,Cash,53.22,224.51,26.61,55.881
448-34-8700,Mandalay,02/10/2019,Ewallet,155.24,237.6,36.91,271.2885
153-58-4872,Naypyitaw,03/01/2019,Ewallet,299.56,337.44,74.89,314.538
662-72-2873,Yangon,01/06/2019,Ewallet,204.7,314.64,40.94,214.935
430-53-4718,Mandalay,1/28/2019,Credit card,156.84,243.32,75.37,633.108
689-16-9784,Naypyitaw,03/11/2019,Cash,280.62,462.21,46.77,294.651
725-56-0833,Yangon,2/20/2019,Credit card,323.2,314.24,32.32,339.36
394-41-0748,Naypyitaw,1/27/2019,Ewallet,486.63,702.26,54.07,510.9615
437-53-3084,Mandalay,2/26/2019,Ewallet,157.26,247.14,99.89,209.769
541-89-9860,Naypyitaw,2/15/2019,Cash,241.44,596.44,80.48,253.512
834-45-5519,Mandalay,1/31/2019,Ewallet,157.76,247.2,43,180.6
563-36-9814,Yangon,2/13/2019,Ewallet,76.82,269.55,76.82,80.661
308-47-4913,Yangon,03/09/2019,Credit card,522.6,382.4,52.26,548.73
885-17-6250,Yangon,03/06/2019,Ewallet,79.74,354.35,79.74,83.727
726-27-2396,Yangon,1/24/2019,Ewallet,387.5,753.58,77.5,406.875
316-01-3952,Yangon,3/13/2019,Ewallet,271.35,195.12,54.27,284.9175
418-02-5978,Mandalay,02/11/2019,Cash,158.32,247.8,84.09,794.6505
676-10-2200,Mandalay,02/03/2019,Ewallet,159.6,248,53.78,56.469
883-69-1285,Mandalay,03/06/2019,Credit card,162.74,250.7,49.92,104.832
110-05-6330,Naypyitaw,3/25/2019,Credit card,236.58,148.96,39.43,248.409
651-61-0874,Naypyitaw,03/12/2019,Credit card,184.88,73.85,46.22,194.124
236-86-3015,Naypyitaw,02/04/2019,Ewallet,13.98,98.98,13.98,14.679
120-54-2248,Mandalay,1/22/2019,Credit card,164.52,255.75,28.86,151.515
587-03-7455,Naypyitaw,2/16/2019,Ewallet,684.53,361.12,97.79,718.7565
882-40-4577,Yangon,1/19/2019,Credit card,269.04,198.12,67.26,282.492
732-67-5346,Yangon,01/11/2019,Credit card,68.95,63.28,13.79,72.3975
425-85-2085,Mandalay,3/29/2019,Ewallet,167.54,257.4,54.86,288.015
256-08-8343,Yangon,03/04/2019,Ewallet,226.12,899.13,56.53,237.426
372-26-1506,Naypyitaw,1/28/2019,Ewallet,119.1,66.4,23.82,125.055
174-64-0215,Mandalay,03/05/2019,Credit card,168.96,260.04,69.74,732.27
616-87-0016,Mandalay,03/09/2019,Credit card,171.81,264.96,95.54,702.219
132-23-6451,Yangon,01/04/2019,Cash,104.85,256.76,20.97,110.0925
696-90-2548,Yangon,03/10/2019,Ewallet,77.52,458.56,25.84,81.396
472-15-9636,Yangon,3/22/2019,Ewallet,407.44,965.78,50.93,427.812
525-88-7307,Mandalay,1/31/2019,Cash,172,265.65,75.82,79.611
750-57-9686,Naypyitaw,01/08/2019,Credit card,181.52,393.76,45.38,190.596
186-09-3669,Naypyitaw,1/22/2019,Ewallet,81.51,167.67,81.51,85.5855
811-35-1094,Mandalay,02/06/2019,Credit card,172.02,266.7,50.45,317.835
745-71-3520,Yangon,02/04/2019,Cash,176.54,88.77,25.22,185.367
266-76-6436,Naypyitaw,3/28/2019,Ewallet,115.8,305.28,38.6,121.59
740-22-2500,Naypyitaw,1/23/2019,Cash,252.15,470.09,84.05,264.7575
271-88-8734,Naypyitaw,02/08/2019,Credit card,972.1,501.72,97.21,1020.705
457-13-1708,Mandalay,01/08/2019,Credit card,172.45,267.54,65.23,684.915
489-64-4354,Naypyitaw,03/09/2019,Cash,16.28,162,16.28,17.094
191-29-0321,Mandalay,2/27/2019,Credit card,173.16,268.06,19.77,207.585
269-10-8440,Yangon,1/21/2019,Cash,372.19,214.97,53.17,390.7995
142-63-6033,Mandalay,3/20/2019,Ewallet,173.22,270.47,92.36,484.89
152-08-9985,Mandalay,03/12/2019,Credit card,174.9,270.84,64.36,608.202
325-77-6186,Yangon,03/08/2019,Ewallet,906.5,96.33,90.65,951.825
269-04-5750,Mandalay,2/21/2019,Cash,178.92,276.9,73.82,310.044
574-57-9721,Naypyitaw,03/08/2019,Ewallet,86.54,233.24,43.27,90.867
459-50-7686,Yangon,1/13/2019,Ewallet,140.76,258.31,23.46,147.798
359-90-3665,Mandalay,1/14/2019,Credit card,180.09,281.77,18.08,75.936
466-61-5506,Mandalay,2/26/2019,Cash,181.1,282.92,90.7,571.41
751-69-0068,Naypyitaw,3/19/2019,Ewallet,893.16,122.46,99.24,937.818
257-73-1380,Naypyitaw,1/20/2019,Ewallet,331.72,792,82.93,348.306
345-08-4992,Yangon,03/08/2019,Credit card,203.94,258.3,33.99,214.137
549-96-4200,Naypyitaw,03/08/2019,Ewallet,68.16,444.96,17.04,71.568
810-60-6344,Naypyitaw,02/07/2019,Credit card,326.88,216.6,40.86,343.224
450-28-2866,Naypyitaw,1/15/2019,Cash,87.2,74.4,17.44,91.56
241-11-2261,Mandalay,01/10/2019,Credit card,183.82,283.56,79.86,586.971
138-17-5109,Yangon,1/15/2019,Credit card,802.89,34.3,89.21,843.0345
192-98-7397,Naypyitaw,01/08/2019,Ewallet,12.78,313.12,12.78,13.419
301-11-9629,Yangon,1/15/2019,Cash,133.7,217.58,19.1,140.385
364-33-8584,Mandalay,03/08/2019,Cash,183.88,283.8,17.63,92.5575
235-46-8343,Naypyitaw,2/14/2019,Credit card,276.6,231,27.66,290.43
453-12-7053,Naypyitaw,03/10/2019,Credit card,137.22,848.4,45.74,144.081
355-34-6244,Mandalay,1/13/2019,Credit card,185.88,286.02,72.39,152.019
866-05-7563,Mandalay,02/09/2019,Cash,186.62,288.6,81.4,256.41
848-07-1692,Mandalay,01/12/2019,Ewallet,186.8,290.22,57.22,120.162
836-82-5858,Mandalay,1/26/2019,Ewallet,189.18,295.2,69.37,655.5465
727-17-0390,Yangon,3/16/2019,Ewallet,318.05,860.65,63.61,333.9525
568-88-3448,Yangon,03/03/2019,Ewallet,25,93.5,25,26.25
187-83-5490,Yangon,1/31/2019,Cash,83.08,821.78,20.77,87.234
875-46-5808,Mandalay,02/06/2019,Ewallet,194.22,295.68,25.9,271.95
396-90-2219,Mandalay,2/23/2019,Cash,197.7,297.92,14.96,125.664
283-79-9594,Mandalay,1/25/2019,Credit card,197.96,298.62,48.51,356.5485
325-90-8763,Naypyitaw,1/27/2019,Cash,465.7,699.19,46.57,488.985
729-46-7422,Naypyitaw,2/23/2019,Credit card,35.89,206.21,35.89,37.6845
639-76-1242,Naypyitaw,02/03/2019,Cash,202.6,101.4,40.52,212.73
339-12-4827,Mandalay,01/05/2019,Credit card,198.18,302.88,73.96,77.658
326-71-2155,Naypyitaw,02/03/2019,Cash,295.8,167.86,73.95,310.59
320-32-8842,Naypyitaw,3/17/2019,Cash,22.62,484,22.62,23.751
470-32-9057,Yangon,3/28/2019,Credit card,256.7,519.96,51.34,269.535
878-30-2331,Naypyitaw,03/02/2019,Credit card,545.5,412.02,54.55,572.775
440-59-5691,Naypyitaw,02/08/2019,Credit card,260.05,139.2,37.15,273.0525
518-71-6847,Mandalay,2/26/2019,Ewallet,198.5,303.2,26.6,167.58
746-19-0921,Naypyitaw,02/09/2019,Ewallet,21.58,208.08,21.58,22.659
233-34-0817,Naypyitaw,2/15/2019,Cash,98.84,216.96,98.84,103.782
767-05-1286,Naypyitaw,1/23/2019,Ewallet,502.62,80.32,83.77,527.751
340-21-9136,Yangon,1/25/2019,Cash,160.2,658.59,40.05,168.21
405-31-3305,Yangon,02/02/2019,Credit card,431.3,514.02,43.13,452.865
641-62-7288,Mandalay,3/24/2019,Ewallet,198.75,307.7,99.92,629.496
676-39-6028,Yangon,3/30/2019,Cash,322.2,359.55,64.44,338.31
502-05-1910,Yangon,2/25/2019,Credit card,195.54,790.4,65.18,205.317
485-30-8700,Yangon,3/18/2019,Credit card,166.3,251.37,33.26,174.615
598-47-9715,Naypyitaw,03/07/2019,Ewallet,336.28,255.6,84.07,353.094
529-56-3974,Mandalay,03/09/2019,Cash,199.78,308.44,25.51,107.142
575-67-1508,Yangon,1/29/2019,Ewallet,38.6,146.76,38.6,40.53
541-08-3113,Naypyitaw,02/02/2019,Cash,527.76,403.92,65.97,554.148
246-11-3901,Naypyitaw,2/15/2019,Cash,328,949.08,32.8,344.4
674-15-9296,Yangon,01/08/2019,Ewallet,185.7,195.17,37.14,194.985
747-58-7183,Mandalay,02/09/2019,Ewallet,202.56,308.91,57.27,180.4005
493-65-6248,Naypyitaw,01/01/2019,Credit card,369.8,491.92,36.98,388.29
182-88-2763,Mandalay,3/20/2019,Credit card,203.36,308.96,79.91,251.7165
375-72-3056,Mandalay,1/19/2019,Ewallet,204.52,310.88,63.06,198.639
795-49-7276,Yangon,3/23/2019,Ewallet,148.6,478.8,37.15,156.03
556-72-8512,Naypyitaw,1/30/2019,Cash,22.96,572.95,22.96,24.108
831-64-0259,Mandalay,2/22/2019,Ewallet,206.91,314.64,39.75,208.6875
590-83-4591,Mandalay,2/17/2019,Credit card,207.27,315.02,87.45,550.935
510-09-5628,Yangon,3/15/2019,Credit card,196.6,74.34,19.66,206.43
730-61-8757,Mandalay,1/25/2019,Credit card,211.44,316.6,51.13,214.746
148-82-2527,Naypyitaw,03/05/2019,Credit card,121.2,327.95,12.12,127.26
552-44-5977,Mandalay,01/03/2019,Credit card,211.56,317.56,62,520.8
346-12-3257,Mandalay,03/04/2019,Cash,212.45,318.99,19.24,181.818
556-97-7101,Naypyitaw,01/01/2019,Cash,126.44,545.22,63.22,132.762
862-59-8517,Naypyitaw,1/27/2019,Cash,541.44,53.5,90.24,568.512
376-02-8238,Mandalay,02/02/2019,Credit card,214.3,326.8,93.87,788.508
420-18-8989,Yangon,02/02/2019,Cash,412.16,161.46,51.52,432.768
514-37-2845,Mandalay,3/20/2019,Cash,220.23,326.85,99.25,208.425
573-98-8548,Naypyitaw,01/05/2019,Ewallet,31.9,115.08,31.9,33.495
620-02-2046,Naypyitaw,1/27/2019,Ewallet,138.8,624.64,69.4,145.74
241-96-5076,Mandalay,01/08/2019,Credit card,222.12,327.7,49.1,103.11
135-13-8269,Mandalay,1/26/2019,Cash,229.5,332.18,78.88,165.648
726-29-6793,Yangon,1/28/2019,Ewallet,193.44,380.16,24.18,203.112
284-34-9626,Mandalay,02/11/2019,Credit card,229.96,334.88,77.04,242.676
636-17-0325,Mandalay,2/25/2019,Cash,231.12,339.45,62.57,262.794
261-12-8671,Mandalay,1/25/2019,Credit card,235.8,339.6,60.96,128.016
602-80-9671,Naypyitaw,02/09/2019,Credit card,95.7,904.05,15.95,100.485
598-06-7312,Mandalay,2/16/2019,Cash,239.73,340.86,91.35,95.9175
209-61-0206,Yangon,01/05/2019,Ewallet,214.55,80.82,42.91,225.2775
595-27-4851,Yangon,1/27/2019,Ewallet,379.96,310.3,54.28,398.958
189-52-0236,Yangon,3/14/2019,Cash,696.85,121.2,99.55,731.6925
503-07-0930,Naypyitaw,2/23/2019,Credit card,408.73,564.48,58.39,429.1665
413-20-6708,Naypyitaw,3/18/2019,Ewallet,51.47,151.91,51.47,54.0435
559-61-5987,Mandalay,1/14/2019,Cash,240.72,345.23,17.75,18.6375
521-18-7827,Naypyitaw,1/22/2019,Credit card,196.95,272.25,39.39,206.7975
220-28-1851,Yangon,03/01/2019,Ewallet,69.46,89.25,34.73,72.933
600-38-9738,Naypyitaw,1/17/2019,Credit card,359.6,256,71.92,377.58
354-25-5821,Mandalay,02/08/2019,Cash,240.96,345.78,69.12,435.456
451-28-5717,Naypyitaw,3/20/2019,Cash,499.02,689.04,83.17,523.971
609-81-8548,Yangon,02/06/2019,Credit card,224.64,734.8,37.44,235.872
133-14-7229,Naypyitaw,01/01/2019,Cash,125.74,221.1,62.87,132.027
534-01-4457,Yangon,1/27/2019,Credit card,490.26,978.8,81.71,514.773
719-89-8991,Yangon,2/25/2019,Ewallet,457.05,77.14,91.41,479.9025
390-80-5128,Mandalay,1/28/2019,Credit card,241.2,347.38,19.15,20.1075
132-32-9879,Mandalay,03/09/2019,Cash,243,355,93.96,394.632
286-75-7818,Mandalay,1/31/2019,Credit card,244.2,355.42,69.08,145.068
827-77-7633,Yangon,2/17/2019,Cash,882.81,367.31,98.09,926.9505
287-83-1405,Yangon,02/12/2019,Ewallet,152.58,169.07,25.43,160.209
435-13-4908,Yangon,1/24/2019,Credit card,693.44,348.6,86.68,728.112
779-42-2410,Mandalay,2/20/2019,Ewallet,246.36,356.04,57.74,181.881
236-27-1144,Naypyitaw,3/26/2019,Ewallet,146.79,115.44,16.31,154.1295
892-05-6689,Yangon,03/11/2019,Ewallet,141.6,396.48,28.32,148.68
583-41-4548,Naypyitaw,02/07/2019,Ewallet,116.69,310.38,16.67,122.5245
238-45-6950,Mandalay,03/01/2019,Ewallet,248.76,366.86,53.72,56.406
643-38-7867,Yangon,03/07/2019,Ewallet,97.94,493.02,97.94,102.837
308-81-0538,Yangon,2/25/2019,Credit card,292.2,412,73.05,306.81
358-88-9262,Naypyitaw,02/01/2019,Ewallet,524.88,669.53,87.48,551.124
460-35-4390,Yangon,1/22/2019,Ewallet,92.04,374.64,30.68,96.642
343-87-0864,Naypyitaw,01/03/2019,Credit card,75.88,179.66,75.88,79.674
449-27-2918,Mandalay,3/26/2019,Credit card,250.28,367.95,39.12,41.076
243-47-2663,Naypyitaw,1/28/2019,Credit card,112.62,526.47,18.77,118.251
499-27-7781,Mandalay,3/14/2019,Ewallet,251.4,372.96,53.21,446.964
761-49-0439,Mandalay,1/19/2019,Ewallet,251.4,373.15,12.1,101.64
647-50-1224,Yangon,01/12/2019,Ewallet,294.2,294.84,29.42,308.91
541-48-8554,Yangon,01/07/2019,Credit card,548.55,337.44,60.95,575.9775
741-73-3559,Mandalay,2/27/2019,Cash,257.7,374.33,67.27,353.1675
213-32-1216,Yangon,1/23/2019,Cash,396.36,501.81,66.06,416.178
198-66-9832,Mandalay,02/04/2019,Cash,258.37,376.25,72.04,151.284
868-52-7573,Mandalay,1/14/2019,Cash,259,378.36,99.69,523.3725
343-61-3544,Mandalay,1/29/2019,Cash,263.94,381.36,26.67,280.035
399-69-4630,Naypyitaw,03/07/2019,Credit card,133.26,84.8,22.21,139.923
134-75-2619,Yangon,3/25/2019,Cash,135.24,628.32,19.32,142.002
602-16-6955,Mandalay,1/24/2019,Ewallet,266.7,386.88,76.6,804.3
173-50-1108,Mandalay,2/13/2019,Credit card,267.78,388.8,20.18,84.756
283-26-5248,Naypyitaw,1/30/2019,Ewallet,985.2,608.94,98.52,1034.46
712-39-0363,Yangon,01/02/2019,Ewallet,249.96,91.3,41.66,262.458
218-59-9410,Yangon,3/29/2019,Ewallet,217.26,268.8,72.42,228.123
268-27-6179,Mandalay,03/09/2019,Ewallet,272.1,390,56.47,474.348
866-99-7614,Naypyitaw,02/11/2019,Credit card,892,525.2,89.2,936.6
190-59-3964,Mandalay,02/03/2019,Credit card,274.3,391.68,47.16,247.59
760-90-2357,Yangon,3/20/2019,Ewallet,447.06,186.48,74.51,469.413
226-34-0034,Mandalay,01/10/2019,Ewallet,274.84,402.48,13.78,57.876
698-98-5964,Yangon,1/17/2019,Credit card,812.1,305.4,81.21,852.705
718-57-9773,Naypyitaw,02/03/2019,Credit card,493.3,132.42,49.33,517.965
651-88-7328,Yangon,01/01/2019,Cash,591.66,563.7,65.74,621.243
608-05-3804,Mandalay,2/25/2019,Cash,276.12,404.86,39.75,41.7375
408-26-9866,Naypyitaw,03/02/2019,Ewallet,517.86,247.18,73.98,543.753
276-54-0879,Mandalay,03/12/2019,Ewallet,277.34,406,97.74,410.508
430-02-3888,Mandalay,02/07/2019,Cash,279.66,408.48,46.02,289.926
239-48-4278,Yangon,03/10/2019,Ewallet,70.91,650.4,10.13,74.4555
374-38-5555,Mandalay,02/07/2019,Ewallet,285.11,415.48,63.71,334.4775
550-84-8664,Yangon,3/22/2019,Credit card,429.55,322.72,85.91,451.0275
632-32-4574,Mandalay,3/20/2019,Cash,285.92,415.48,75.92,637.728
191-10-6171,Mandalay,1/25/2019,Cash,290.04,416.13,39.62,291.207
592-34-6155,Naypyitaw,1/14/2019,Ewallet,127.08,276.26,31.77,133.434
797-88-0493,Yangon,3/26/2019,Cash,257.08,192.51,64.27,269.934
182-69-8360,Mandalay,1/30/2019,Credit card,290.4,417.2,23.65,99.33
390-31-6381,Naypyitaw,01/07/2019,Cash,81.66,480.6,27.22,85.743
443-82-0585,Yangon,02/01/2019,Cash,310.72,98.64,77.68,326.256
339-18-7061,Naypyitaw,2/13/2019,Credit card,185.96,165,92.98,195.258
458-61-0011,Mandalay,2/20/2019,Cash,295.28,418.95,60.3,253.26
154-74-7179,Mandalay,2/26/2019,Ewallet,296.37,420,54.45,57.1725
127-47-6963,Yangon,03/09/2019,Credit card,206.84,176.82,51.71,217.182
278-86-2735,Yangon,3/27/2019,Cash,157.02,73.95,52.34,164.871
695-28-6250,Yangon,02/04/2019,Ewallet,215.3,229.03,43.06,226.065
379-17-6588,Naypyitaw,3/14/2019,Cash,596.1,428.16,59.61,625.905
227-50-3718,Yangon,03/04/2019,Cash,73.1,650.26,14.62,76.755
302-15-2162,Naypyitaw,03/03/2019,Credit card,279.18,324.96,46.53,293.139
788-07-8452,Naypyitaw,1/27/2019,Ewallet,169.68,432.6,24.24,178.164
560-49-6611,Yangon,02/07/2019,Cash,45.58,867.24,45.58,47.859
880-35-0356,Yangon,02/05/2019,Ewallet,225.6,300.72,75.2,236.88
711-31-1234,Mandalay,3/16/2019,Cash,299.1,420,95.64,401.688
149-71-6266,Mandalay,1/28/2019,Cash,302.7,420,78.07,737.7615
152-68-2907,Yangon,2/15/2019,Credit card,156.6,272.58,52.2,164.43
123-35-4896,Naypyitaw,2/17/2019,Ewallet,419.94,652.86,46.66,440.937
258-69-7810,Naypyitaw,1/26/2019,Cash,184.25,712.25,36.85,193.4625
334-64-2006,Yangon,3/24/2019,Ewallet,140.64,392.6,70.32,147.672
219-61-4139,Naypyitaw,1/23/2019,Ewallet,83.08,797.58,83.08,87.234
881-41-7302,Naypyitaw,1/26/2019,Credit card,64.99,608.16,64.99,68.2395
373-09-4567,Naypyitaw,3/14/2019,Ewallet,775.6,618.03,77.56,814.38
608-27-6295,Mandalay,1/19/2019,Credit card,302.96,420.92,52.89,333.207
484-22-8230,Naypyitaw,01/08/2019,Cash,363.23,599.26,51.89,381.3915
573-10-3877,Mandalay,03/12/2019,Credit card,306.45,421.29,39.01,40.9605
559-98-9873,Yangon,02/10/2019,Ewallet,375.55,907.6,53.65,394.3275
544-32-5024,Naypyitaw,3/28/2019,Credit card,199.16,470.58,49.79,209.118
318-12-0304,Yangon,1/23/2019,Ewallet,30.61,852.75,30.61,32.1405
582-52-8065,Mandalay,2/22/2019,Cash,317.34,421.77,54.31,513.2295
421-95-9805,Yangon,02/07/2019,Credit card,28.96,142.38,28.96,30.408
277-35-5865,Naypyitaw,03/09/2019,Cash,890.73,303.42,98.97,935.2665
369-82-2676,Mandalay,1/15/2019,Ewallet,318.42,421.98,75.66,397.215
284-54-4231,Naypyitaw,1/19/2019,Credit card,80.93,265.5,80.93,84.9765
443-59-0061,Yangon,02/03/2019,Ewallet,674.5,471.09,67.45,708.225
509-29-3912,Yangon,3/20/2019,Ewallet,348.48,301.2,38.72,365.904
505-02-0892,Mandalay,2/25/2019,Ewallet,318.55,422.5,42.57,357.588
840-19-2096,Naypyitaw,3/14/2019,Ewallet,439.55,961.48,87.91,461.5275
828-46-6863,Yangon,1/23/2019,Credit card,591.18,884.52,98.53,620.739
641-96-3695,Naypyitaw,02/07/2019,Ewallet,260.76,618.09,43.46,273.798
420-97-3340,Yangon,3/28/2019,Credit card,215.04,138.6,71.68,225.792
436-54-4512,Yangon,3/20/2019,Cash,91.61,432.63,91.61,96.1905
571-94-0759,Mandalay,01/08/2019,Cash,319.9,425,74.6,783.3
431-66-2305,Mandalay,2/15/2019,Credit card,327.06,425.4,88.25,833.9625
794-32-2436,Mandalay,3/27/2019,Ewallet,328.59,427.5,55.67,116.907
452-04-8808,Mandalay,1/26/2019,Cash,332.1,430.4,87.08,640.038
816-57-2053,Yangon,03/09/2019,Ewallet,121.74,717.75,60.87,127.827
457-94-0464,Mandalay,1/31/2019,Ewallet,333.4,430.56,87.87,830.3715
856-66-2701,Yangon,1/25/2019,Ewallet,159.9,215.08,53.3,167.895
308-39-1707,Yangon,1/26/2019,Credit card,12.09,155.1,12.09,12.6945
149-61-1929,Yangon,1/19/2019,Credit card,641.9,409.28,64.19,673.995
655-07-2265,Yangon,03/05/2019,Ewallet,234.93,208.6,78.31,246.6765
589-02-8023,Yangon,1/15/2019,Credit card,167.54,32.4,83.77,175.917
834-83-1826,Mandalay,2/25/2019,Credit card,334.86,430.76,82.04,430.71
679-22-6530,Mandalay,1/17/2019,Credit card,335.79,432.14,40.62,85.302
641-43-2399,Mandalay,1/26/2019,Ewallet,335.88,432.6,25.55,107.31
610-46-4100,Yangon,03/03/2019,Credit card,202.65,665.21,28.95,212.7825
318-81-2368,Naypyitaw,3/19/2019,Cash,46.2,240.76,46.2,48.51
560-30-5617,Mandalay,3/24/2019,Cash,336.35,433.25,24.77,130.0425
149-15-7606,Mandalay,03/06/2019,Ewallet,337.15,434.4,37.32,352.674
453-63-6187,Mandalay,03/01/2019,Ewallet,339.36,435.42,27.5,86.625
155-45-3814,Naypyitaw,3/19/2019,Ewallet,708.4,183.54,88.55,743.82
351-62-0822,Mandalay,02/06/2019,Ewallet,339.57,437.69,14.48,60.816
131-15-8856,Naypyitaw,3/30/2019,Credit card,580.16,139.98,72.52,609.168
273-84-2164,Naypyitaw,2/16/2019,Ewallet,60.25,299.42,12.05,63.2625
706-36-6154,Yangon,1/18/2019,Ewallet,174.24,149.04,19.36,182.952
778-89-7974,Naypyitaw,3/30/2019,Cash,421.26,202.65,70.21,442.323
313-66-9943,Mandalay,3/27/2019,Credit card,340.56,442.12,29.15,91.8225
859-71-0933,Naypyitaw,1/16/2019,Cash,30.98,223.6,15.49,32.529
740-11-5257,Naypyitaw,2/24/2019,Cash,247.4,697.16,24.74,259.77
545-46-3100,Mandalay,03/12/2019,Credit card,342.1,444,10.59,33.3585
510-79-0415,Mandalay,1/24/2019,Ewallet,343.7,444.6,23.08,145.404
742-04-5161,Yangon,02/03/2019,Cash,727.8,362.94,72.78,764.19
695-09-5146,Mandalay,2/23/2019,Ewallet,345.54,448.14,98.79,311.1885
318-68-5053,Mandalay,2/27/2019,Cash,347.7,450.72,76.99,485.037
169-52-4504,Yangon,3/14/2019,Credit card,47.07,537.9,15.69,49.4235
250-81-7186,Naypyitaw,2/27/2019,Credit card,99.69,236.46,99.69,104.6745
562-12-5430,Yangon,1/18/2019,Ewallet,264.45,216.92,88.15,277.6725
816-72-8853,Yangon,1/29/2019,Cash,139.65,682.86,27.93,146.6325
491-38-3499,Yangon,2/26/2019,Credit card,55.45,421.74,55.45,58.2225
321-49-7382,Mandalay,2/15/2019,Credit card,352.5,451.72,88.31,92.7255
842-29-4695,Naypyitaw,1/16/2019,Credit card,119.98,237.2,17.14,125.979
751-15-6198,Mandalay,01/12/2019,Ewallet,356.56,456.09,23.01,144.963
641-51-2661,Naypyitaw,02/12/2019,Credit card,871,150.28,87.1,914.55
714-02-3114,Naypyitaw,2/21/2019,Cash,197.6,645.32,98.8,207.48
518-17-2983,Yangon,02/04/2019,Ewallet,194.52,125,48.63,204.246
279-74-2924,Mandalay,01/04/2019,Cash,357.49,456.74,72.17,75.7785
242-11-3142,Mandalay,2/24/2019,Cash,365.26,457.52,83.77,175.917
408-66-6712,Naypyitaw,2/16/2019,Ewallet,286.26,647.7,47.71,300.573
777-67-2495,Mandalay,2/22/2019,Ewallet,365.49,462.13,68.97,217.2555
588-47-8641,Yangon,1/14/2019,Ewallet,560.4,291.39,56.04,588.42
414-12-7047,Mandalay,1/18/2019,Ewallet,366.16,471.69,19.79,166.236
690-01-6631,Mandalay,2/22/2019,Ewallet,366.4,475.54,17.49,183.645
556-41-6224,Naypyitaw,2/15/2019,Credit card,269.12,297.16,33.64,282.576
811-03-8790,Yangon,03/01/2019,Credit card,454.8,387.36,45.48,477.54
509-10-0516,Mandalay,02/09/2019,Ewallet,375.84,480.87,45.97,193.074
542-41-0513,Mandalay,3/15/2019,Cash,378.3,484.2,57.49,241.458
274-05-5470,Yangon,2/23/2019,Cash,293.88,549.6,73.47,308.574
648-94-3045,Naypyitaw,02/07/2019,Ewallet,589.5,170.4,58.95,618.975
130-67-4723,Yangon,01/11/2019,Ewallet,291,585.6,48.5,305.55
241-72-9525,Mandalay,2/16/2019,Cash,378.9,484.44,51.91,545.055
692-92-5582,Mandalay,2/20/2019,Credit card,379.5,484.65,54.84,172.746
370-96-0655,Naypyitaw,01/09/2019,Ewallet,295.92,743.07,49.32,310.716
105-10-6182,Yangon,2/27/2019,Ewallet,42.96,615.24,21.48,45.108
790-29-1172,Mandalay,03/10/2019,Credit card,382.16,485.3,57.34,180.621
770-42-8960,Mandalay,01/01/2019,Cash,382.56,487.76,21.12,177.408
868-81-1752,Mandalay,02/07/2019,Cash,383.11,490.59,22.02,208.089
648-83-1321,Yangon,1/16/2019,Cash,635.6,149.94,63.56,667.38
173-57-2300,Naypyitaw,3/13/2019,Cash,145.76,69.66,72.88,153.048
305-03-2383,Yangon,2/15/2019,Cash,201.3,461.13,67.1,211.365
394-55-6384,Naypyitaw,1/25/2019,Cash,631.71,379.27,70.19,663.2955
266-20-6657,Naypyitaw,03/12/2019,Ewallet,385.28,314.01,55.04,404.544
689-05-1884,Yangon,03/04/2019,Cash,486.3,52,48.63,510.615
196-01-2849,Naypyitaw,02/10/2019,Cash,513.66,299.46,73.38,539.343
372-62-5264,Naypyitaw,1/16/2019,Cash,473.4,425.6,52.6,497.07
800-09-8606,Yangon,1/29/2019,Cash,436.85,230.2,87.37,458.6925
182-52-7000,Yangon,01/01/2019,Ewallet,108.16,572.55,27.04,113.568
477-24-6490,Mandalay,2/26/2019,Ewallet,384.64,493.74,99.71,628.173
868-06-0466,Yangon,2/19/2019,Credit card,626.22,956.12,69.58,657.531
751-41-9720,Naypyitaw,01/12/2019,Ewallet,975,234.08,97.5,1023.75
626-43-7888,Naypyitaw,02/07/2019,Ewallet,483.28,276.98,60.41,507.444
134-54-4720,Mandalay,1/30/2019,Ewallet,385.38,494.7,42.42,356.328
574-80-1489,Mandalay,2/25/2019,Ewallet,390.96,495.9,62.85,263.97
139-20-0155,Mandalay,1/24/2019,Credit card,391.79,497.6,40.3,423.15
186-79-9562,Mandalay,3/29/2019,Cash,395.46,500.98,71.77,527.5095
433-75-6987,Mandalay,03/05/2019,Ewallet,399,502.8,55.97,411.3795
817-69-8206,Mandalay,03/02/2019,Credit card,400.25,504.92,99.73,942.4485
162-65-8559,Naypyitaw,1/21/2019,Cash,68.98,174.9,68.98,72.429
760-27-5490,Naypyitaw,1/20/2019,Ewallet,124.96,408.61,15.62,131.208
445-30-9252,Yangon,1/17/2019,Ewallet,77.1,255.42,25.7,80.955
786-94-2700,Yangon,2/28/2019,Cash,483.72,900.98,80.62,507.906
728-88-7867,Naypyitaw,3/19/2019,Ewallet,302.12,258.72,75.53,317.226
183-21-3799,Naypyitaw,2/19/2019,Ewallet,698.67,54.2,77.63,733.6035
268-20-3585,Naypyitaw,02/04/2019,Ewallet,124.65,179.76,13.85,130.8825
735-32-9839,Naypyitaw,1/31/2019,Ewallet,789.6,449.25,98.7,829.08
258-92-7466,Yangon,02/06/2019,Credit card,178.4,351.12,35.68,187.32
857-16-3520,Yangon,3/28/2019,Ewallet,500.22,868.17,71.46,525.231
482-17-1179,Yangon,1/19/2019,Credit card,35.82,643.8,11.94,37.611
788-21-5741,Yangon,2/17/2019,Credit card,136.14,174.08,45.38,142.947
244-08-0162,Mandalay,01/02/2019,Cash,403,505.23,34.21,359.205
479-26-8945,Mandalay,02/05/2019,Ewallet,410.2,505.58,16.49,34.629
678-79-0726,Naypyitaw,1/18/2019,Cash,815.67,800.66,90.63,856.4535
370-41-7321,Mandalay,2/27/2019,Credit card,410.9,509.4,56.69,535.7205
592-46-1692,Naypyitaw,01/11/2019,Cash,257.39,426,36.77,270.2595
895-03-6665,Mandalay,2/16/2019,Cash,414.4,510,36.51,345.0195
149-14-0304,Naypyitaw,02/06/2019,Cash,228,92.54,28.5,239.4
442-44-6497,Naypyitaw,01/08/2019,Credit card,166.71,480.9,55.57,175.0455
109-28-2512,Mandalay,01/07/2019,Ewallet,414.72,510.4,97.61,614.943
210-74-9613,Naypyitaw,3/16/2019,Ewallet,389.04,893.76,97.26,408.492
174-75-0888,Mandalay,3/14/2019,Cash,418.95,511.83,21.58,203.931
247-11-2470,Yangon,03/01/2019,Credit card,89.28,582.08,22.32,93.744
635-28-5728,Yangon,2/28/2019,Ewallet,168,993.3,56,176.4
756-49-0168,Yangon,02/08/2019,Ewallet,19.7,252.9,19.7,20.685
311-13-6971,Mandalay,2/20/2019,Credit card,420.56,512.88,31.99,335.895
837-55-7229,Mandalay,2/22/2019,Credit card,425.68,517.56,47.44,49.812
607-65-2441,Naypyitaw,03/10/2019,Credit card,819.5,307.78,81.95,860.475
386-27-7606,Naypyitaw,3/23/2019,Credit card,568.4,199.95,81.2,596.82
137-63-5492,Naypyitaw,1/29/2019,Ewallet,587.6,443.08,58.76,616.98
346-84-3103,Mandalay,03/02/2019,Cash,434.56,518.35,13.22,69.405
805-86-0265,Yangon,3/20/2019,Cash,845.64,325.28,93.96,887.922
733-29-1227,Naypyitaw,3/23/2019,Cash,389.27,223.36,55.61,408.7335
451-73-2711,Naypyitaw,1/14/2019,Ewallet,84.83,174.57,84.83,89.0715
373-14-0504,Yangon,02/12/2019,Ewallet,143.26,252,71.63,150.423
546-80-2899,Yangon,2/20/2019,Ewallet,75.38,203.5,37.69,79.149
345-68-9016,Naypyitaw,01/02/2019,Credit card,253.36,232.64,31.67,266.028
390-17-5806,Naypyitaw,02/02/2019,Cash,38.42,143.28,38.42,40.341
734-91-1155,Mandalay,3/26/2019,Credit card,435.6,519.12,45.71,143.9865
664-14-2882,Naypyitaw,1/30/2019,Credit card,52.65,196.08,10.53,55.2825
291-21-5991,Mandalay,3/29/2019,Cash,441.8,519.39,61.29,321.7725
314-23-4520,Naypyitaw,1/15/2019,Cash,568.61,386.08,81.23,597.0405
843-01-4703,Mandalay,01/05/2019,Credit card,448.26,522.75,35.38,334.341
585-86-8361,Yangon,02/03/2019,Credit card,136.4,190.68,27.28,143.22
807-14-7833,Yangon,2/22/2019,Ewallet,174.2,214.34,17.42,182.91
608-04-3797,Mandalay,03/05/2019,Ewallet,448.56,526.03,25.32,212.688
288-38-3758,Naypyitaw,1/25/2019,Ewallet,254.61,697.84,84.87,267.3405
652-43-6591,Yangon,03/09/2019,Credit card,778.32,380.65,97.29,817.236
656-16-1063,Mandalay,01/04/2019,Credit card,451.76,527.67,46.42,146.223
406-46-7107,Yangon,01/11/2019,Cash,579.12,249.09,96.52,608.076
250-17-5703,Yangon,2/27/2019,Ewallet,188.5,101.55,18.85,197.925
156-95-3964,Yangon,3/25/2019,Ewallet,221.56,80.85,55.39,232.638
578-80-7669,Mandalay,3/16/2019,Cash,461.8,528.31,74.97,78.7185
733-01-9107,Mandalay,03/05/2019,Cash,461.94,531,82.7,521.01
410-67-1709,Yangon,1/20/2019,Ewallet,511.04,132.64,63.88,536.592
587-73-4862,Yangon,3/26/2019,Ewallet,53.45,462.33,10.69,56.1225
787-87-2010,Yangon,1/20/2019,Credit card,222,760.11,55.5,233.1
585-11-6748,Mandalay,3/15/2019,Cash,463.28,533.91,96.8,304.92
801-88-0346,Naypyitaw,01/05/2019,Credit card,228.18,666.05,76.06,239.589
190-14-3147,Mandalay,2/23/2019,Ewallet,470.65,536.75,17.97,75.474
394-30-3170,Mandalay,3/22/2019,Credit card,479.58,547.2,88.43,742.812
886-54-6089,Yangon,1/15/2019,Cash,68.58,219.35,11.43,72.009
585-03-5943,Mandalay,3/13/2019,Ewallet,488.79,547.36,18.11,190.155
759-98-4285,Naypyitaw,2/27/2019,Credit card,601.09,189.38,85.87,631.1445
201-63-8275,Naypyitaw,2/17/2019,Ewallet,475.93,119.1,67.99,499.7265
471-06-8611,Naypyitaw,02/06/2019,Credit card,52.42,201.19,52.42,55.041
200-16-5952,Naypyitaw,1/17/2019,Cash,131.3,601.6,65.65,137.865
378-07-7001,Mandalay,02/10/2019,Credit card,490.1,560.01,48.09,151.4835
102-77-2261,Naypyitaw,03/05/2019,Credit card,457.17,379.62,65.31,480.0285
316-55-4634,Mandalay,1/26/2019,Credit card,495.63,564.8,80.05,420.2625
102-06-2002,Naypyitaw,3/20/2019,Cash,126.25,182.24,25.25,132.5625
207-73-1363,Mandalay,03/01/2019,Ewallet,496,567.84,69.51,145.971
629-42-4133,Naypyitaw,2/19/2019,Cash,174.4,604.48,21.8,183.12
534-53-3526,Yangon,02/11/2019,Ewallet,379.04,790.56,94.76,397.992
307-04-2070,Yangon,02/05/2019,Credit card,30.62,705.28,30.62,32.151
468-99-7231,Naypyitaw,03/03/2019,Cash,352.08,1010.52,44.01,369.684
516-77-6464,Naypyitaw,2/24/2019,Ewallet,50.8,576.18,10.16,53.34
404-91-5964,Yangon,02/04/2019,Credit card,522.06,154.88,74.58,548.163
886-77-9084,Naypyitaw,2/19/2019,Ewallet,575.12,268.05,71.89,603.876
790-38-4466,Naypyitaw,1/23/2019,Credit card,54.95,313.5,10.99,57.6975
704-10-4056,Naypyitaw,1/14/2019,Credit card,181.41,663.78,60.47,190.4805
497-37-6538,Yangon,1/17/2019,Ewallet,412.37,233.4,58.91,432.9885
651-96-5970,Yangon,03/03/2019,Credit card,46.41,349.47,46.41,48.7305
400-80-4065,Naypyitaw,2/15/2019,Credit card,274.2,479.26,68.55,287.91
528-87-5606,Mandalay,02/12/2019,Cash,496.2,573.24,39.48,41.454
263-12-5321,Yangon,2/27/2019,Credit card,648.2,558.62,92.6,680.61
702-72-0487,Yangon,2/26/2019,Credit card,93.22,78.32,46.61,97.881
744-16-7898,Mandalay,1/15/2019,Credit card,498.45,576.45,97.37,1022.385
443-60-9639,Naypyitaw,1/24/2019,Cash,60.87,218.79,60.87,63.9135
864-24-7918,Yangon,2/22/2019,Cash,244.9,715.88,24.49,257.145
842-40-8179,Mandalay,02/11/2019,Credit card,502.39,580.14,77.2,810.6
401-09-4232,Naypyitaw,02/11/2019,Ewallet,433.45,585.22,86.69,455.1225
227-78-1148,Mandalay,2/15/2019,Cash,504.3,581.85,72.84,535.374
324-41-6833,Naypyitaw,03/03/2019,Ewallet,241.6,385.51,30.2,253.68
474-33-8305,Naypyitaw,3/23/2019,Ewallet,471.73,118.8,67.39,495.3165
759-29-9521,Yangon,03/04/2019,Cash,440.64,332.5,48.96,462.672
359-94-5395,Mandalay,3/15/2019,Credit card,509.88,588.62,92.78,97.419
220-68-6701,Yangon,3/17/2019,Cash,309.88,313.31,77.47,325.374
618-34-8551,Yangon,1/16/2019,Credit card,186.36,529.2,93.18,195.678
257-60-7754,Yangon,01/08/2019,Cash,200.92,165.5,50.23,210.966
642-30-6693,Mandalay,3/17/2019,Ewallet,510.21,590.8,54.51,343.413
189-55-2313,Naypyitaw,1/31/2019,Ewallet,621.8,722,62.18,652.89
889-04-9723,Mandalay,01/07/2019,Credit card,511.42,593.76,89.14,374.388
380-60-5336,Yangon,2/24/2019,Credit card,402.6,367.08,40.26,422.73
815-04-6282,Naypyitaw,02/08/2019,Credit card,324.85,415.47,64.97,341.0925
674-56-6360,Yangon,3/22/2019,Cash,95.15,83.5,95.15,99.9075
778-34-2523,Yangon,1/24/2019,Cash,388.96,468.26,48.62,408.408
487-79-6868,Mandalay,3/26/2019,Credit card,519.1,604.26,12.29,116.1405
477-59-2456,Naypyitaw,1/23/2019,Cash,318.08,243.72,45.44,333.984
832-51-6761,Yangon,1/19/2019,Ewallet,271.04,478.63,33.88,284.592
548-46-9322,Mandalay,2/20/2019,Credit card,524.16,605.64,39.9,418.95
210-57-1719,Mandalay,02/05/2019,Cash,524.7,607.36,58.24,550.368
727-46-3608,Mandalay,02/06/2019,Ewallet,527.9,610.08,20.01,189.0945
186-43-8965,Yangon,2/24/2019,Credit card,95.36,693.9,47.68,100.128
784-21-9238,Naypyitaw,02/07/2019,Cash,10.17,421.96,10.17,10.6785
276-75-6884,Yangon,03/04/2019,Cash,206.13,553,68.71,216.4365
110-48-7033,Mandalay,1/29/2019,Cash,531.16,617.28,32.62,137.004
569-76-2760,Yangon,1/29/2019,Credit card,88.04,477.67,22.01,92.442
307-85-2293,Mandalay,03/07/2019,Ewallet,538.3,620.9,50.28,263.97
760-53-9233,Yangon,3/26/2019,Credit card,123.84,27.65,41.28,130.032
538-22-0304,Naypyitaw,3/24/2019,Cash,649.5,173.25,64.95,681.975
416-17-9926,Yangon,01/01/2019,Credit card,742.2,650.56,74.22,779.31
237-44-6163,Yangon,1/24/2019,Cash,84.48,160.32,10.56,88.704
437-58-8131,Mandalay,1/15/2019,Ewallet,543.6,623.21,73.52,154.392
490-95-0021,Mandalay,01/08/2019,Ewallet,544.2,623.88,33.21,348.705
528-14-9470,Yangon,2/14/2019,Ewallet,91.3,251.26,91.3,95.865
701-69-8742,Mandalay,3/16/2019,Ewallet,559.02,633.04,34.37,360.885
807-34-3742,Yangon,3/26/2019,Cash,52.38,270.37,52.38,54.999
288-62-1085,Yangon,01/09/2019,Ewallet,192.7,65.78,38.54,202.335
891-01-7034,Mandalay,01/01/2019,Cash,560.34,637,74.71,470.673
660-29-7083,Naypyitaw,1/15/2019,Cash,558.7,235.68,55.87,586.635
271-77-8740,Naypyitaw,01/01/2019,Ewallet,175.32,579.15,29.22,184.086
497-36-0989,Yangon,2/15/2019,Cash,155.82,463.05,51.94,163.611
468-01-2051,Mandalay,03/06/2019,Ewallet,562.32,638.37,62.08,456.288
860-73-6466,Yangon,03/02/2019,Credit card,78.94,108.8,39.47,82.887
549-23-9016,Naypyitaw,2/13/2019,Credit card,29.74,858.96,14.87,31.227
896-34-0956,Yangon,1/26/2019,Cash,21.32,615.6,21.32,22.386
804-38-3935,Yangon,1/30/2019,Credit card,281.34,742.96,93.78,295.407
585-90-0249,Yangon,1/27/2019,Ewallet,73.26,123.88,73.26,76.923
862-29-5914,Naypyitaw,1/30/2019,Credit card,22.38,103.8,22.38,23.499
845-94-6841,Naypyitaw,01/08/2019,Cash,655.92,419.43,72.88,688.716
125-45-2293,Yangon,1/19/2019,Cash,594.6,155.4,99.1,624.33
843-73-4724,Yangon,1/25/2019,Cash,74.1,308,74.1,77.805
409-33-9708,Yangon,2/19/2019,Ewallet,196.96,211.08,98.48,206.808
658-66-3967,Naypyitaw,1/14/2019,Ewallet,372.33,230.89,53.19,390.9465
866-70-2814,Mandalay,2/25/2019,Ewallet,569.17,638.55,52.79,554.295
160-22-2687,Yangon,1/23/2019,Ewallet,479.75,105.28,95.95,503.7375
857-67-9057,Mandalay,02/06/2019,Ewallet,574.88,646.68,22.95,240.975
533-33-5337,Mandalay,02/07/2019,Cash,579.24,647.64,79.39,833.595
748-45-2862,Yangon,03/07/2019,Cash,113.24,420.93,28.31,118.902
709-58-4068,Mandalay,2/28/2019,Cash,580.56,649.44,41.09,431.445
316-66-3011,Yangon,1/23/2019,Cash,428.67,679.8,47.63,450.1035
848-95-6252,Naypyitaw,2/20/2019,Ewallet,86.27,570.4,86.27,90.5835
840-76-5966,Yangon,01/08/2019,Ewallet,25.52,88.41,12.76,26.796
303-96-2227,Mandalay,03/02/2019,Ewallet,585.66,649.8,97.38,1022.49
775-72-1988,Mandalay,1/24/2019,Ewallet,598.26,656.4,73.28,384.72
124-31-1458,Yangon,01/08/2019,Cash,238.77,524.29,79.59,250.7085
176-78-1170,Naypyitaw,1/26/2019,Ewallet,101.43,191.88,33.81,106.5015
710-46-4433,Mandalay,2/15/2019,Credit card,599.52,664.02,77.4,731.43
101-81-4070,Naypyitaw,1/17/2019,Ewallet,125.64,603.72,62.82,131.922
631-34-1880,Naypyitaw,01/08/2019,Credit card,72.93,250.8,24.31,76.5765
852-82-2749,Yangon,01/06/2019,Ewallet,258.36,719.1,64.59,271.278
873-14-6353,Yangon,2/16/2019,Credit card,173.74,796.36,24.82,182.427
584-66-4073,Naypyitaw,3/13/2019,Ewallet,56.5,492.5,56.5,59.325
701-23-5550,Mandalay,3/19/2019,Ewallet,602.96,665.61,38.81,163.002
166-19-2553,Yangon,1/18/2019,Cash,534.36,448.75,89.06,561.078
737-88-5876,Yangon,3/19/2019,Credit card,93.16,187.11,23.29,97.818
154-87-7367,Naypyitaw,3/15/2019,Ewallet,522.08,207.84,65.26,548.184
885-56-0389,Naypyitaw,02/12/2019,Cash,52.35,766.8,52.35,54.9675
640-49-2076,Mandalay,01/10/2019,Cash,603.8,670.53,83.78,703.752
448-61-3783,Yangon,3/21/2019,Credit card,720.16,352.2,90.02,756.168
322-02-2271,Mandalay,02/03/2019,Cash,607.36,671.44,42.97,135.3555
576-31-4774,Mandalay,03/02/2019,Ewallet,609.56,673.67,73.41,231.2415
115-38-7388,Naypyitaw,3/30/2019,Credit card,81.44,97.02,10.18,85.512
115-99-4379,Mandalay,3/14/2019,Credit card,624.33,680.14,54.73,402.2655
291-55-6563,Yangon,3/30/2019,Ewallet,206.52,304.08,34.42,216.846
548-48-3156,Yangon,3/19/2019,Cash,166.68,64.32,83.34,175.014
460-93-5834,Yangon,1/13/2019,Cash,319.06,588.76,45.58,335.013
325-89-4209,Yangon,02/05/2019,Ewallet,87.9,359.6,87.9,92.295
884-80-6021,Yangon,3/23/2019,Ewallet,734.7,204.3,73.47,771.435
137-74-8729,Naypyitaw,3/13/2019,Ewallet,97.52,123.34,12.19,102.396
880-46-5796,Yangon,3/17/2019,Ewallet,769.2,399.9,76.92,807.66
389-70-2397,Naypyitaw,2/21/2019,Cash,418.3,613.7,83.66,439.215
343-75-9322,Mandalay,01/09/2019,Cash,635.18,682.5,11.85,99.54
607-76-6216,Naypyitaw,03/02/2019,Credit card,462.45,318.5,92.49,485.5725
851-98-3555,Mandalay,3/24/2019,Credit card,648.99,685.98,82.88,435.12
152-03-4217,Mandalay,3/17/2019,Credit card,652.3,714.4,11.28,106.596
869-11-3082,Mandalay,1/27/2019,Credit card,662.13,714.78,96.16,403.872
781-84-8059,Naypyitaw,1/18/2019,Ewallet,425.18,429.97,60.74,446.439
409-49-6995,Naypyitaw,02/05/2019,Cash,283.62,350.4,47.27,297.801
725-54-0677,Naypyitaw,03/02/2019,Cash,599.2,708.21,85.6,629.16
146-09-5432,Yangon,02/09/2019,Ewallet,315.36,393.2,35.04,331.128
377-79-7592,Naypyitaw,1/14/2019,Credit card,403.56,37.25,44.84,423.738
282-35-2475,Mandalay,3/25/2019,Cash,664.7,716.04,93.31,195.951
595-94-9924,Yangon,3/26/2019,Credit card,138.65,212.96,27.73,145.5825
865-41-9075,Yangon,1/28/2019,Cash,80.71,116.8,11.53,84.7455
545-07-8534,Naypyitaw,2/14/2019,Ewallet,116.64,634.04,58.32,122.472
118-62-1812,Naypyitaw,3/24/2019,Cash,313.52,85.59,78.38,329.196
450-42-3339,Naypyitaw,02/09/2019,Credit card,846.1,458.8,84.61,888.405
826-58-8051,Mandalay,01/06/2019,Ewallet,668.78,718.74,62.19,261.198
186-71-5196,Yangon,3/27/2019,Ewallet,159.08,455.13,79.54,167.034
277-63-2961,Mandalay,02/03/2019,Credit card,670.24,722.61,73.97,77.6685
766-85-7061,Mandalay,3/29/2019,Ewallet,680.31,723.84,87.87,922.635
151-27-8496,Naypyitaw,1/19/2019,Ewallet,224.52,329.46,56.13,235.746
453-33-6436,Yangon,02/07/2019,Cash,744.96,558.63,93.12,782.208
522-57-8364,Yangon,1/31/2019,Ewallet,410.72,238.68,51.34,431.256
459-45-2396,Yangon,2/25/2019,Cash,298.8,552.96,99.6,313.74
717-96-4189,Naypyitaw,02/02/2019,Cash,212.94,302.4,35.49,223.587
722-13-2115,Naypyitaw,3/14/2019,Credit card,42.85,507.87,42.85,44.9925
749-81-8133,Yangon,03/11/2019,Cash,378.68,442.62,94.67,397.614
525-09-8450,Mandalay,1/31/2019,Credit card,696.6,733.59,72.13,757.365
299-29-0180,Mandalay,03/09/2019,Cash,697.4,735.12,52.18,383.523
246-55-6923,Naypyitaw,03/10/2019,Credit card,322.11,354.9,35.79,338.2155
320-85-2052,Mandalay,1/14/2019,Credit card,699.12,748.68,34.81,36.5505
838-02-1821,Naypyitaw,2/22/2019,Credit card,25.46,374.43,12.73,26.733
887-42-0517,Naypyitaw,01/10/2019,Credit card,581.98,491.04,83.14,611.079
457-12-0244,Naypyitaw,3/14/2019,Ewallet,211.32,885.15,35.22,221.886
569-71-4390,Mandalay,1/25/2019,Ewallet,702.63,753.6,21.87,45.927
172-42-8274,Mandalay,03/02/2019,Credit card,707.44,753.92,38.27,80.367
397-25-8725,Yangon,1/13/2019,Credit card,356.58,300.16,39.62,374.409
210-30-7976,Mandalay,3/14/2019,Ewallet,721.3,755.22,22.32,93.744
427-45-9297,Mandalay,03/12/2019,Ewallet,724.23,759.44,40.73,299.3655
847-38-7188,Mandalay,1/26/2019,Ewallet,724.24,765.16,96.68,304.542
756-93-1854,Naypyitaw,02/02/2019,Credit card,166.7,662,83.35,175.035
243-55-8457,Yangon,2/27/2019,Ewallet,744.4,306.16,74.44,781.62
458-10-8612,Naypyitaw,1/20/2019,Ewallet,448.56,183.75,64.08,470.988
347-72-6115,Mandalay,1/16/2019,Credit card,730.5,777,90.74,666.939
235-06-8510,Naypyitaw,1/24/2019,Ewallet,257.16,200.8,85.72,270.018
433-08-7822,Naypyitaw,01/05/2019,Ewallet,552.23,262.56,78.89,579.8415
361-85-2571,Yangon,3/30/2019,Cash,447.4,138.04,89.48,469.77
131-70-8179,Yangon,2/17/2019,Cash,276.27,666.93,92.09,290.0835
500-02-2261,Naypyitaw,3/21/2019,Ewallet,343.74,255.45,57.29,360.927
720-72-2436,Yangon,03/02/2019,Ewallet,266.08,410.72,66.52,279.384
702-83-5291,Naypyitaw,3/27/2019,Cash,898.38,151.29,99.82,943.299
809-69-9497,Yangon,1/19/2019,Ewallet,456.8,238.56,45.68,479.64
449-16-6770,Yangon,2/19/2019,Credit card,253.95,704.55,50.79,266.6475
333-23-2632,Yangon,3/28/2019,Cash,70.56,551.76,10.08,74.088
489-82-1237,Yangon,01/05/2019,Credit card,657.16,252.6,93.88,690.018
859-97-6048,Naypyitaw,3/26/2019,Credit card,168.5,273.6,84.25,176.925
438-01-4015,Mandalay,3/21/2019,Ewallet,732.48,777.2,49.49,207.858
373-88-1424,Naypyitaw,02/06/2019,Ewallet,179.05,195.12,35.81,188.0025
305-14-0245,Mandalay,03/03/2019,Ewallet,746,792.4,94.49,793.716
239-36-3640,Mandalay,1/31/2019,Ewallet,750.96,795.4,45.35,285.705
401-18-8016,Mandalay,1/21/2019,Cash,755.92,818.16,98.13,103.0365
686-41-0932,Mandalay,3/13/2019,Ewallet,756.81,843.48,34.7,72.87
784-08-0310,Naypyitaw,1/13/2019,Cash,84.16,338.64,21.04,88.368
624-01-8356,Mandalay,1/27/2019,Credit card,758.96,853.92,49.01,514.605
846-10-0341,Yangon,01/06/2019,Cash,297.99,161.76,42.57,312.8895
577-34-7579,Naypyitaw,01/10/2019,Cash,454.41,148.8,50.49,477.1305
862-17-9201,Mandalay,1/29/2019,Credit card,763.68,865.62,84.05,529.515
867-47-1948,Naypyitaw,01/09/2019,Cash,158,117.05,15.8,165.9
384-59-6655,Yangon,2/19/2019,Cash,887.94,425.25,98.66,932.337
256-58-3609,Naypyitaw,3/18/2019,Cash,91.98,441.18,91.98,96.579
324-92-3863,Yangon,02/05/2019,Cash,41.78,252.31,20.89,43.869
593-08-5916,Yangon,3/19/2019,Credit card,15.5,417.42,15.5,16.275
364-34-2972,Naypyitaw,3/30/2019,Cash,290.46,158.22,96.82,304.983
752-23-3760,Mandalay,2/19/2019,Credit card,766,868.38,64.08,470.988
627-95-3243,Mandalay,02/04/2019,Ewallet,772,870.48,77.68,734.076
558-60-5016,Yangon,03/04/2019,Ewallet,299.7,778.62,33.3,314.685
195-06-0432,Yangon,1/13/2019,Credit card,243.03,267.48,81.01,255.1815
605-03-2706,Yangon,3/25/2019,Cash,47.4,459.2,15.8,49.77
387-49-4215,Mandalay,01/08/2019,Cash,790.83,870.98,48.5,152.775
145-94-9061,Mandalay,1/25/2019,Cash,793.28,874.72,88.36,463.89
549-03-9315,Mandalay,02/12/2019,Ewallet,793.9,876.16,94.87,796.908
777-82-7220,Mandalay,03/03/2019,Cash,794.25,879.35,30.12,253.008
531-56-4728,Yangon,02/11/2019,Cash,240.24,362.39,80.08,252.252
744-82-9138,Naypyitaw,02/07/2019,Cash,172.26,197.44,86.13,180.873
438-23-1242,Mandalay,1/24/2019,Ewallet,795.51,883.26,75.88,557.718
221-25-5073,Yangon,03/04/2019,Cash,298.64,494.05,74.66,313.572
830-58-2383,Mandalay,02/08/2019,Cash,812.52,920.48,31.75,133.35
327-40-9673,Mandalay,1/13/2019,Cash,825.8,922.41,72.6,457.38
268-03-6164,Mandalay,1/25/2019,Ewallet,832.5,937.2,96.11,100.9155
728-47-9078,Naypyitaw,1/19/2019,Cash,238.36,148.32,59.59,250.278
809-46-1866,Yangon,1/23/2019,Cash,232.6,91.1,58.15,244.23
139-32-4183,Yangon,3/14/2019,Ewallet,877.32,154.98,97.48,921.186
148-41-7930,Naypyitaw,1/23/2019,Cash,699.72,315.4,99.96,734.706
189-40-5216,Naypyitaw,01/09/2019,Cash,674.59,548.68,96.37,708.3195
785-13-7708,Mandalay,1/14/2019,Credit card,846.3,959.85,73.06,536.991
670-79-6321,Mandalay,1/17/2019,Credit card,874.98,982.55,94.59,695.2365
593-14-4239,Mandalay,03/05/2019,Ewallet,878.7,985.16,95.46,801.864
267-62-7380,Naypyitaw,3/29/2019,Ewallet,823.4,409.64,82.34,864.57
173-82-9529,Mandalay,1/26/2019,Cash,897.57,995.85,37.95,398.475
886-18-2897,Yangon,3/22/2019,Credit card,282.8,244.58,56.56,296.94
608-96-3517,Mandalay,3/23/2019,Credit card,899.64,1029.15,91.54,384.468
745-74-0715,Yangon,03/10/2019,Ewallet,116.06,895.83,58.03,121.863
716-39-1409,Mandalay,3/19/2019,Cash,973.7,1035,30.35,223.0725
652-49-6720,Naypyitaw,2/18/2019,Ewallet,60.95,80.7,60.95,63.9975
233-67-5758,Naypyitaw,1/29/2019,Ewallet,40.35,132.25,40.35,42.3675
743-04-1105,Mandalay,3/18/2019,Ewallet,5000,1102.5,97.22,918.729
727-02-1313,Yangon,03/12/2019,Cash,36.4,459,31.84,33.432
347-56-2442,Yangon,2/22/2019,Cash,65.82,141.4,65.82,69.111
849-09-3807,Yangon,2/18/2019,Cash,618.38,89.76,88.34,649.299
